date,journal
1/12/2024,Went for a walk in the park and enjoyed the fresh air.
2/12/2024,Had a productive day at work and completed several tasks.
3/12/2024,Spent the evening reading a fascinating book about space exploration.
4/12/2024,Watched a great movie with friends and had a lively discussion afterwards.
5/12/2024,Cooked a new recipe for dinner and it turned out delicious, everyone loved it.
6/12/2024,Visited a museum and learned about ancient history, the artifacts were amazing.
7/12/2024,Had a relaxing day at home and watched some TV shows, it was a much-needed break.
8/12/2024,Met up with an old friend and reminisced about school days, it was a heartwarming experience.
9/12/2024,Went shopping and bought some new clothes, found some great deals.
10/12/2024,Attended a workshop on personal development and learned new skills.
11/12/2024,Had a fun game night with family, we played board games and laughed a lot.
12/12/2024,Worked on a personal project and made significant progress, feeling accomplished.
13/12/2024,Enjoyed a beautiful sunset at the beach, the view was breathtaking.
14/12/2024,Spent the day gardening and planting new flowers, the garden looks beautiful now.
15/12/2024,Visited a new restaurant and tried their special dish, it was a delightful experience.
16/12/2024,Attended a live concert and enjoyed the music, the performance was outstanding.
17/12/2024,Had a quiet day at home, reading and relaxing, it was very peaceful.
18/12/2024,Participated in a community event and met new people, it was a great networking opportunity.
19/12/2024,Watched a documentary on wildlife conservation, learned a lot about protecting endangered species.
20/12/2024,Went hiking in the mountains and enjoyed the scenic views, it was a refreshing experience.
21/12/2024,Had a productive day cleaning and organizing the house, everything is in order now.
22/12/2024,Visited a local market and bought fresh produce, the fruits and vegetables were very fresh.
23/12/2024,Spent the day baking cookies and cakes, the house smells wonderful.
24/12/2024,Had a wonderful Christmas Eve with family, we exchanged gifts and shared stories.
25/12/2024,Celebrated Christmas with family and friends, exchanged gifts and had a festive meal.
26/12/2024,Relaxed at home and watched holiday movies, it was a cozy day.
27/12/2024,Learned about appending to CSV files today, it was an interesting programming exercise.
28/12/2024,Practiced appending multiple rows to a CSV file, becoming more comfortable with file operations.
29/12/2024,Prepared for the New Year, set new goals and resolutions.
30/12/2024,Spent the day reflecting on the past year, it was a time for introspection.
31/12/2024,Had a fantastic New Year's Eve celebration with friends, we welcomed the new year with joy.
1/1/2025,Started the new year with a fresh mindset, feeling optimistic about the future.
2/1/2025,Went for a jog in the morning, it was a great way to start the day.
3/1/2025,Attended a cooking class and learned how to make a new dish, it was a fun experience.
4/1/2025,Visited an art gallery and admired the beautiful paintings, the creativity of the artists was inspiring.
5/1/2025,Spent the day volunteering at a local shelter, it was a fulfilling experience.
6/1/2025,Had a productive day at work, completed several important tasks.
7/1/2025,Watched a thought-provoking documentary about climate change, it was very informative.
8/1/2025,Met up with friends for coffee, had a great time catching up.
9/1/2025,Spent the evening working on a puzzle, it was a relaxing activity.
10/1/2025,Visited a new city and explored its attractions, it was an exciting adventure.
